"Status","Start Time","Stop Time","Duration in ms","Parent Suite","Suite","Sub Suite","Test Class","Test Method","Name","Description"
"passed","Mon May 05 10:02:25 GMT 2025","Mon May 05 10:02:25 GMT 2025","279","tests","test_negative","TestApiChallengeNegative","","","test_too_long_description_with_space",""
"passed","Mon May 05 10:02:26 GMT 2025","Mon May 05 10:02:26 GMT 2025","296","tests","test_negative","TestApiChallengeNegative","","","test_update_todo_via_post",""
"skipped","Mon May 05 10:02:39 GMT 2025","Mon May 05 10:02:40 GMT 2025","580","tests","test_positive","TestApiChallengePositive","","","test_put_challenger_database",""
"passed","Mon May 05 10:02:40 GMT 2025","Mon May 05 10:02:41 GMT 2025","304","tests","test_positive","TestApiChallengePositive","","","test_post_json_to_xml",""
"passed","Mon May 05 10:02:33 GMT 2025","Mon May 05 10:02:34 GMT 2025","321","tests","test_positive","TestApiChallengePositive","","","test_description_length_200",""
"passed","Mon May 05 10:02:35 GMT 2025","Mon May 05 10:02:36 GMT 2025","859","tests","test_positive","TestApiChallengePositive","","","test_delete_todo",""
"passed","Mon May 05 10:02:41 GMT 2025","Mon May 05 10:02:41 GMT 2025","278","tests","test_positive","TestApiChallengePositive","","","test_get_heartbeat",""
"passed","Mon May 05 10:02:41 GMT 2025","Mon May 05 10:02:41 GMT 2025","299","tests","test_positive","TestApiChallengePositive","","","test_post_secret_token",""
"passed","Mon May 05 10:02:43 GMT 2025","Mon May 05 10:02:43 GMT 2025","599","tests","test_positive","TestApiChallengePositive","","","test_post_secret_note_bearer",""
"passed","Mon May 05 10:02:29 GMT 2025","Mon May 05 10:02:30 GMT 2025","576","tests","test_negative","TestApiChallengeNegative","","","test_get_secret_note_invalid_x_auth",""
"passed","Mon May 05 10:02:43 GMT 2025","Mon May 05 10:02:54 GMT 2025","10245","tests","test_positive","TestApiChallengePositive","","","test_delete_all_todos",""
"passed","Mon May 05 10:02:38 GMT 2025","Mon May 05 10:02:39 GMT 2025","577","tests","test_positive","TestApiChallengePositive","","","test_put_restorable_challenger_progress_status",""
"passed","Mon May 05 10:02:30 GMT 2025","Mon May 05 10:02:30 GMT 2025","296","tests","test_negative","TestApiChallengeNegative","","","test_get_secret_note_without_x_auth",""
"passed","Mon May 05 10:02:37 GMT 2025","Mon May 05 10:02:37 GMT 2025","308","tests","test_positive","TestApiChallengePositive","","","test_get_todos_pref",""
"passed","Mon May 05 10:02:32 GMT 2025","Mon May 05 10:02:33 GMT 2025","295","tests","test_positive","TestApiChallengePositive","","","test_get_todos_with_done_status",""
"passed","Mon May 05 10:02:28 GMT 2025","Mon May 05 10:02:28 GMT 2025","295","tests","test_negative","TestApiChallengeNegative","","","test_patch_heartbeat",""
"passed","Mon May 05 10:02:37 GMT 2025","Mon May 05 10:02:37 GMT 2025","298","tests","test_positive","TestApiChallengePositive","","","test_get_todos_json",""
"passed","Mon May 05 10:02:32 GMT 2025","Mon May 05 10:02:32 GMT 2025","281","tests","test_positive","TestApiChallengePositive","","","test_post_todo_with_done_status_true",""
"passed","Mon May 05 10:02:27 GMT 2025","Mon May 05 10:02:27 GMT 2025","296","tests","test_negative","TestApiChallengeNegative","","","test_get_todos_not_acceptable",""
"passed","Mon May 05 10:02:40 GMT 2025","Mon May 05 10:02:40 GMT 2025","280","tests","test_positive","TestApiChallengePositive","","","test_post_xml_to_json",""
"passed","Mon May 05 10:02:32 GMT 2025","Mon May 05 10:02:32 GMT 2025","278","tests","test_positive","TestApiChallengePositive","","","test_get_todos",""
"passed","Mon May 05 10:02:34 GMT 2025","Mon May 05 10:02:34 GMT 2025","293","tests","test_positive","TestApiChallengePositive","","","test_max_description_and_title_length",""
"passed","Mon May 05 10:02:24 GMT 2025","Mon May 05 10:02:25 GMT 2025","295","tests","test_negative","TestApiChallengeNegative","","","test_too_long_description",""
"passed","Mon May 05 10:02:29 GMT 2025","Mon May 05 10:02:29 GMT 2025","305","tests","test_negative","TestApiChallengeNegative","","","test_override_patch_heartbeat",""
"passed","Mon May 05 10:02:23 GMT 2025","Mon May 05 10:02:23 GMT 2025","300","tests","test_negative","TestApiChallengeNegative","","","test_get_todo_by_id",""
"passed","Mon May 05 10:02:38 GMT 2025","Mon May 05 10:02:38 GMT 2025","285","tests","test_positive","TestApiChallengePositive","","","test_get_progress",""
"passed","Mon May 05 10:02:25 GMT 2025","Mon May 05 10:02:25 GMT 2025","307","tests","test_negative","TestApiChallengeNegative","","","test_too_long_content",""
"passed","Mon May 05 10:02:42 GMT 2025","Mon May 05 10:02:43 GMT 2025","594","tests","test_positive","TestApiChallengePositive","","","test_get_secret_note_bearer",""
"passed","Mon May 05 10:02:33 GMT 2025","Mon May 05 10:02:33 GMT 2025","300","tests","test_positive","TestApiChallengePositive","","","test_head_todos",""
"passed","Mon May 05 10:02:26 GMT 2025","Mon May 05 10:02:27 GMT 2025","308","tests","test_negative","TestApiChallengeNegative","","","test_update_todo_via_put_with_wrong_id",""
"passed","Mon May 05 10:02:25 GMT 2025","Mon May 05 10:02:26 GMT 2025","297","tests","test_negative","TestApiChallengeNegative","","","test_unrecognised_field",""
"passed","Mon May 05 10:02:41 GMT 2025","Mon May 05 10:02:42 GMT 2025","590","tests","test_positive","TestApiChallengePositive","","","test_get_secret_note",""
"passed","Mon May 05 10:02:42 GMT 2025","Mon May 05 10:02:42 GMT 2025","573","tests","test_positive","TestApiChallengePositive","","","test_post_secret_note",""
"passed","Mon May 05 10:02:29 GMT 2025","Mon May 05 10:02:29 GMT 2025","293","tests","test_negative","TestApiChallengeNegative","","","test_override_trace_heartbeat",""
"passed","Mon May 05 10:02:34 GMT 2025","Mon May 05 10:02:34 GMT 2025","293","tests","test_positive","TestApiChallengePositive","","","test_update_todo_via_put",""
"passed","Mon May 05 10:02:54 GMT 2025","Mon May 05 10:03:00 GMT 2025","6131","tests","test_positive","TestApiChallengePositive","","","test_create_maximum_todos",""
"passed","Mon May 05 10:02:26 GMT 2025","Mon May 05 10:02:26 GMT 2025","283","tests","test_negative","TestApiChallengeNegative","","","test_create_todo_via_put",""
"passed","Mon May 05 10:02:24 GMT 2025","Mon May 05 10:02:24 GMT 2025","280","tests","test_negative","TestApiChallengeNegative","","","test_too_long_title_with_space",""
"passed","Mon May 05 10:02:32 GMT 2025","Mon May 05 10:02:32 GMT 2025","298","tests","test_positive","TestApiChallengePositive","","","test_get_todo_by_id",""
"passed","Mon May 05 10:02:30 GMT 2025","Mon May 05 10:02:31 GMT 2025","581","tests","test_negative","TestApiChallengeNegative","","","test_post_secret_note_invalid_x_auth",""
"passed","Mon May 05 10:02:23 GMT 2025","Mon May 05 10:02:24 GMT 2025","299","tests","test_negative","TestApiChallengeNegative","","","test_post_todo_with_string_done_status",""
"passed","Mon May 05 10:02:38 GMT 2025","Mon May 05 10:02:38 GMT 2025","296","tests","test_positive","TestApiChallengePositive","","","test_post_todo_via_json",""
"passed","Mon May 05 10:02:28 GMT 2025","Mon May 05 10:02:28 GMT 2025","303","tests","test_negative","TestApiChallengeNegative","","","test_trace_heartbeat",""
"passed","Mon May 05 10:02:39 GMT 2025","Mon May 05 10:02:39 GMT 2025","280","tests","test_positive","TestApiChallengePositive","","","test_get_challenger_database",""
"passed","Mon May 05 10:02:36 GMT 2025","Mon May 05 10:02:37 GMT 2025","311","tests","test_positive","TestApiChallengePositive","","","test_get_todos_xml",""
"passed","Mon May 05 10:02:31 GMT 2025","Mon May 05 10:02:31 GMT 2025","304","tests","test_negative","TestApiChallengeNegative","","","test_post_secret_note_without_x_auth",""
"passed","Mon May 05 10:02:29 GMT 2025","Mon May 05 10:02:29 GMT 2025","294","tests","test_negative","TestApiChallengeNegative","","","test_post_secret_token_incorrect_uname",""
"passed","Mon May 05 10:02:28 GMT 2025","Mon May 05 10:02:29 GMT 2025","294","tests","test_negative","TestApiChallengeNegative","","","test_override_delete_heartbeat",""
"passed","Mon May 05 10:02:24 GMT 2025","Mon May 05 10:02:24 GMT 2025","299","tests","test_negative","TestApiChallengeNegative","","","test_post_todo_with_int_done_status",""
"passed","Mon May 05 10:02:31 GMT 2025","Mon May 05 10:02:32 GMT 2025","350","tests","test_positive","TestApiChallengePositive","","","test_get_challenges",""
"passed","Mon May 05 10:02:37 GMT 2025","Mon May 05 10:02:38 GMT 2025","297","tests","test_positive","TestApiChallengePositive","","","test_get_todos_with_blank_accept",""
"passed","Mon May 05 10:02:36 GMT 2025","Mon May 05 10:02:36 GMT 2025","300","tests","test_positive","TestApiChallengePositive","","","test_get_options",""
"passed","Mon May 05 10:02:24 GMT 2025","Mon May 05 10:02:24 GMT 2025","285","tests","test_negative","TestApiChallengeNegative","","","test_too_long_title",""
"passed","Mon May 05 10:02:26 GMT 2025","Mon May 05 10:02:26 GMT 2025","295","tests","test_negative","TestApiChallengeNegative","","","test_update_todo_via_put_without_title",""
"passed","Mon May 05 10:02:33 GMT 2025","Mon May 05 10:02:33 GMT 2025","293","tests","test_positive","TestApiChallengePositive","","","test_title_length_50",""
"passed","Mon May 05 10:02:34 GMT 2025","Mon May 05 10:02:35 GMT 2025","598","tests","test_positive","TestApiChallengePositive","","","test_update_todo_via_post",""
"passed","Mon May 05 10:02:23 GMT 2025","Mon May 05 10:02:23 GMT 2025","300","tests","test_negative","TestApiChallengeNegative","","","test_get_todo",""
"passed","Mon May 05 10:02:27 GMT 2025","Mon May 05 10:02:28 GMT 2025","300","tests","test_negative","TestApiChallengeNegative","","","test_delete_heartbeat",""
"passed","Mon May 05 10:02:35 GMT 2025","Mon May 05 10:02:35 GMT 2025","300","tests","test_positive","TestApiChallengePositive","","","test_partial_update_todo_via_put",""
"passed","Mon May 05 10:02:27 GMT 2025","Mon May 05 10:02:27 GMT 2025","285","tests","test_negative","TestApiChallengeNegative","","","test_post_todos_not_acceptable_content_type",""
"passed","Mon May 05 10:02:38 GMT 2025","Mon May 05 10:02:38 GMT 2025","296","tests","test_positive","TestApiChallengePositive","","","test_post_todo_via_xml",""
